<?xml version="1.0" encoding="UTF-8"?>
<GenRun Id="impl_1" LaunchPart="xc7a200tsbg484-3" LaunchTime="1696308803">
  <File Type="BITSTR-BMM" Name="upcounter_pro_bd.bmm"/>
  <File Type="OPT-METHODOLOGY-DRC" Name="upcounter_pro_methodology_drc_opted.rpt"/>
  <File Type="INIT-TIMING" Name="upcounter_pro_timing_summary_init.rpt"/>
  <File Type="ROUTE-PWR" Name="upcounter_pro_power_routed.rpt"/>
  <File Type="PA-TCL" Name="upcounter_pro.tcl"/>
  <File Type="OPT-TIMING" Name="upcounter_pro_timing_summary_opted.rpt"/>
  <File Type="OPT-DCP" Name="upcounter_pro_opt.dcp"/>
  <File Type="ROUTE-PWR-SUM" Name="upcounter_pro_power_summary_routed.pb"/>
  <File Type="REPORTS-TCL" Name="upcounter_pro_reports.tcl"/>
  <File Type="OPT-DRC" Name="upcounter_pro_drc_opted.rpt"/>
  <File Type="OPT-HWDEF" Name="upcounter_pro.hwdef"/>
  <File Type="PWROPT-DCP" Name="upcounter_pro_pwropt.dcp"/>
  <File Type="PWROPT-DRC" Name="upcounter_pro_drc_pwropted.rpt"/>
  <File Type="PWROPT-TIMING" Name="upcounter_pro_timing_summary_pwropted.rpt"/>
  <File Type="PLACE-DCP" Name="upcounter_pro_placed.dcp"/>
  <File Type="PLACE-IO" Name="upcounter_pro_io_placed.rpt"/>
  <File Type="PLACE-CLK" Name="upcounter_pro_clock_utilization_placed.rpt"/>
  <File Type="PLACE-UTIL" Name="upcounter_pro_utilization_placed.rpt"/>
  <File Type="PLACE-UTIL-PB" Name="upcounter_pro_utilization_placed.pb"/>
  <File Type="PLACE-CTRL" Name="upcounter_pro_control_sets_placed.rpt"/>
  <File Type="PLACE-SIMILARITY" Name="upcounter_pro_incremental_reuse_placed.rpt"/>
  <File Type="PLACE-PRE-SIMILARITY" Name="upcounter_pro_incremental_reuse_pre_placed.rpt"/>
  <File Type="BG-BGN" Name="upcounter_pro.bgn"/>
  <File Type="PLACE-TIMING" Name="upcounter_pro_timing_summary_placed.rpt"/>
  <File Type="POSTPLACE-PWROPT-DCP" Name="upcounter_pro_postplace_pwropt.dcp"/>
  <File Type="BG-BIN" Name="upcounter_pro.bin"/>
  <File Type="POSTPLACE-PWROPT-TIMING" Name="upcounter_pro_timing_summary_postplace_pwropted.rpt"/>
  <File Type="PHYSOPT-DCP" Name="upcounter_pro_physopt.dcp"/>
  <File Type="PHYSOPT-DRC" Name="upcounter_pro_drc_physopted.rpt"/>
  <File Type="BITSTR-MSK" Name="upcounter_pro.msk"/>
  <File Type="PHYSOPT-TIMING" Name="upcounter_pro_timing_summary_physopted.rpt"/>
  <File Type="ROUTE-ERROR-DCP" Name="upcounter_pro_routed_error.dcp"/>
  <File Type="ROUTE-DCP" Name="upcounter_pro_routed.dcp"/>
  <File Type="ROUTE-BLACKBOX-DCP" Name="upcounter_pro_routed_bb.dcp"/>
  <File Type="ROUTE-DRC" Name="upcounter_pro_drc_routed.rpt"/>
  <File Type="ROUTE-DRC-PB" Name="upcounter_pro_drc_routed.pb"/>
  <File Type="BITSTR-LTX" Name="debug_nets.ltx"/>
  <File Type="BITSTR-LTX" Name="upcounter_pro.ltx"/>
  <File Type="ROUTE-DRC-RPX" Name="upcounter_pro_drc_routed.rpx"/>
  <File Type="BITSTR-MMI" Name="upcounter_pro.mmi"/>
  <File Type="ROUTE-METHODOLOGY-DRC" Name="upcounter_pro_methodology_drc_routed.rpt"/>
  <File Type="ROUTE-METHODOLOGY-DRC-RPX" Name="upcounter_pro_methodology_drc_routed.rpx"/>
  <File Type="BITSTR-SYSDEF" Name="upcounter_pro.sysdef"/>
  <File Type="ROUTE-METHODOLOGY-DRC-PB" Name="upcounter_pro_methodology_drc_routed.pb"/>
  <File Type="ROUTE-PWR-RPX" Name="upcounter_pro_power_routed.rpx"/>
  <File Type="ROUTE-STATUS" Name="upcounter_pro_route_status.rpt"/>
  <File Type="ROUTE-STATUS-PB" Name="upcounter_pro_route_status.pb"/>
  <File Type="ROUTE-TIMINGSUMMARY" Name="upcounter_pro_timing_summary_routed.rpt"/>
  <File Type="ROUTE-TIMING-PB" Name="upcounter_pro_timing_summary_routed.pb"/>
  <File Type="ROUTE-TIMING-RPX" Name="upcounter_pro_timing_summary_routed.rpx"/>
  <File Type="ROUTE-SIMILARITY" Name="upcounter_pro_incremental_reuse_routed.rpt"/>
  <File Type="ROUTE-CLK" Name="upcounter_pro_clock_utilization_routed.rpt"/>
  <File Type="ROUTE-BUS-SKEW" Name="upcounter_pro_bus_skew_routed.rpt"/>
  <File Type="ROUTE-BUS-SKEW-PB" Name="upcounter_pro_bus_skew_routed.pb"/>
  <File Type="ROUTE-BUS-SKEW-RPX" Name="upcounter_pro_bus_skew_routed.rpx"/>
  <File Type="POSTROUTE-PHYSOPT-DCP" Name="upcounter_pro_postroute_physopt.dcp"/>
  <File Type="POSTROUTE-PHYSOPT-BLACKBOX-DCP" Name="upcounter_pro_postroute_physopt_bb.dcp"/>
  <File Type="POSTROUTE-PHYSOPT-TIMING" Name="upcounter_pro_timing_summary_postroute_physopted.rpt"/>
  <File Type="POSTROUTE-PHYSOPT-TIMING-PB" Name="upcounter_pro_timing_summary_postroute_physopted.pb"/>
  <File Type="POSTROUTE-PHYSOPT-TIMING-RPX" Name="upcounter_pro_timing_summary_postroute_physopted.rpx"/>
  <File Type="POSTROUTE-PHYSOPT-BUS-SKEW" Name="upcounter_pro_bus_skew_postroute_physopted.rpt"/>
  <File Type="POSTROUTE-PHYSOPT-BUS-SKEW-PB" Name="upcounter_pro_bus_skew_postroute_physopted.pb"/>
  <File Type="BG-BIT" Name="upcounter_pro.bit"/>
  <File Type="POSTROUTE-PHYSOPT-BUS-SKEW-RPX" Name="upcounter_pro_bus_skew_postroute_physopted.rpx"/>
  <File Type="BITSTR-RBT" Name="upcounter_pro.rbt"/>
  <File Type="BITSTR-NKY" Name="upcounter_pro.nky"/>
  <File Type="BG-DRC" Name="upcounter_pro.drc"/>
  <File Type="RDI-RDI" Name="upcounter_pro.vdi"/>
  <File Type="WBT-USG" Name="usage_statistics_webtalk.html"/>
  <FileSet Name="sources" Type="DesignSrcs" RelSrcDir="$PSRCDIR/sources_1">
    <Filter Type="Srcs"/>
    <File Path="$PSRCDIR/sources_1/new/upcounter_pro.v">
      <FileInfo>
        <Attr Name="UsedIn" Val="synthesis"/>
        <Attr Name="UsedIn" Val="implementation"/>
        <Attr Name="UsedIn" Val="simulation"/>
      </FileInfo>
    </File>
    <Config>
      <Option Name="DesignMode" Val="RTL"/>
      <Option Name="TopModule" Val="upcounter_pro"/>
      <Option Name="TopAutoSet" Val="TRUE"/>
    </Config>
  </FileSet>
  <FileSet Name="constrs_in" Type="Constrs" RelSrcDir="$PSRCDIR/constrs_1">
    <Filter Type="Constrs"/>
    <Config>
      <Option Name="ConstrsType" Val="XDC"/>
    </Config>
  </FileSet>
  <FileSet Name="utils" Type="Utils" RelSrcDir="$PSRCDIR/utils_1">
    <Filter Type="Utils"/>
    <Config>
      <Option Name="TopAutoSet" Val="TRUE"/>
    </Config>
  </FileSet>
  <Strategy Version="1" Minor="2">
    <StratHandle Name="Vivado Implementation Defaults" Flow="Vivado Implementation 2019">
      <Desc>Default settings for Implementation.</Desc>
    </StratHandle>
    <Step Id="init_design"/>
    <Step Id="opt_design"/>
    <Step Id="power_opt_design"/>
    <Step Id="place_design"/>
    <Step Id="post_place_power_opt_design"/>
    <Step Id="phys_opt_design"/>
    <Step Id="route_design"/>
    <Step Id="post_route_phys_opt_design"/>
    <Step Id="write_bitstream"/>
  </Strategy>
</GenRun>
